"","X","sensor_id","sensor_type","location","lat","lon","timestamp","P1","durP1","ratioP1","P2","durP2","ratioP2"
"1",1,34719,"SDS011",20946,52.51,13.318,"2021-09-29 00:01:02",44.83,NA,NA,18.3,NA,NA
"2",2,34719,"SDS011",20946,52.51,13.318,"2021-09-29 00:03:28",39.8,NA,NA,18.95,NA,NA
"3",3,34719,"SDS011",20946,52.51,13.318,"2021-09-29 00:05:53",37.5,NA,NA,18.98,NA,NA
"4",4,34719,"SDS011",20946,52.51,13.318,"2021-09-29 00:08:19",34.92,NA,NA,17.7,NA,NA
"5",5,34719,"SDS011",20946,52.51,13.318,"2021-09-29 00:10:44",35.13,NA,NA,18.73,NA,NA
"6",6,34719,"SDS011",20946,52.51,13.318,"2021-09-29 00:13:10",37.25,NA,NA,17.85,NA,NA
"7",7,34719,"SDS011",20946,52.51,13.318,"2021-09-29 00:15:36",37.42,NA,NA,18.85,NA,NA
"8",8,34719,"SDS011",20946,52.51,13.318,"2021-09-29 00:18:02",40.83,NA,NA,19.2,NA,NA
"9",9,34719,"SDS011",20946,52.51,13.318,"2021-09-29 00:20:28",39.35,NA,NA,19,NA,NA
"10",10,34719,"SDS011",20946,52.51,13.318,"2021-09-29 00:22:54",42.9,NA,NA,18.92,NA,NA
"11",11,34719,"SDS011",20946,52.51,13.318,"2021-09-29 00:25:20",36.63,NA,NA,18.55,NA,NA
"12",12,34719,"SDS011",20946,52.51,13.318,"2021-09-29 00:27:45",35.85,NA,NA,18.42,NA,NA
"13",13,34719,"SDS011",20946,52.51,13.318,"2021-09-29 00:30:11",43.05,NA,NA,19,NA,NA
"14",14,34719,"SDS011",20946,52.51,13.318,"2021-09-29 00:32:39",43.63,NA,NA,19.17,NA,NA
"15",15,34719,"SDS011",20946,52.51,13.318,"2021-09-29 00:35:08",42.53,NA,NA,18.67,NA,NA
"16",16,34719,"SDS011",20946,52.51,13.318,"2021-09-29 00:37:36",35.22,NA,NA,17.83,NA,NA
"17",17,34719,"SDS011",20946,52.51,13.318,"2021-09-29 00:40:03",40.75,NA,NA,19,NA,NA
"18",18,34719,"SDS011",20946,52.51,13.318,"2021-09-29 00:42:29",42.47,NA,NA,19.58,NA,NA
"19",19,34719,"SDS011",20946,52.51,13.318,"2021-09-29 00:44:55",39.13,NA,NA,18.98,NA,NA
"20",20,34719,"SDS011",20946,52.51,13.318,"2021-09-29 00:47:21",42.5,NA,NA,19.9,NA,NA
"21",21,34719,"SDS011",20946,52.51,13.318,"2021-09-29 00:49:46",39.3,NA,NA,20.13,NA,NA
"22",22,34719,"SDS011",20946,52.51,13.318,"2021-09-29 00:52:12",43.92,NA,NA,20.75,NA,NA
"23",23,34719,"SDS011",20946,52.51,13.318,"2021-09-29 00:54:39",39.15,NA,NA,20,NA,NA
"24",24,34719,"SDS011",20946,52.51,13.318,"2021-09-29 00:57:05",42.05,NA,NA,19.38,NA,NA
"25",25,34719,"SDS011",20946,52.51,13.318,"2021-09-29 00:59:30",42.58,NA,NA,19.83,NA,NA
"26",26,34719,"SDS011",20946,52.51,13.318,"2021-09-29 01:01:56",38.63,NA,NA,19.63,NA,NA
"27",27,34719,"SDS011",20946,52.51,13.318,"2021-09-29 01:04:22",37.7,NA,NA,19.83,NA,NA
"28",28,34719,"SDS011",20946,52.51,13.318,"2021-09-29 01:14:58",41.7,NA,NA,21.1,NA,NA
"29",29,34719,"SDS011",20946,52.51,13.318,"2021-09-29 01:17:30",41.28,NA,NA,20.52,NA,NA
"30",30,34719,"SDS011",20946,52.51,13.318,"2021-09-29 01:20:02",44.2,NA,NA,21.2,NA,NA
"31",31,34719,"SDS011",20946,52.51,13.318,"2021-09-29 01:25:06",50.1,NA,NA,20.35,NA,NA
"32",32,34719,"SDS011",20946,52.51,13.318,"2021-09-29 01:27:40",42.03,NA,NA,20.77,NA,NA
"33",33,34719,"SDS011",20946,52.51,13.318,"2021-09-29 01:30:06",43.6,NA,NA,20.92,NA,NA
"34",34,34719,"SDS011",20946,52.51,13.318,"2021-09-29 01:32:33",45.45,NA,NA,21.67,NA,NA
"35",35,34719,"SDS011",20946,52.51,13.318,"2021-09-29 01:34:58",40.8,NA,NA,20.67,NA,NA
"36",36,34719,"SDS011",20946,52.51,13.318,"2021-09-29 01:37:24",41.63,NA,NA,21.38,NA,NA
"37",37,34719,"SDS011",20946,52.51,13.318,"2021-09-29 01:39:50",44.25,NA,NA,20.42,NA,NA
"38",38,34719,"SDS011",20946,52.51,13.318,"2021-09-29 01:42:16",45.65,NA,NA,21.3,NA,NA
"39",39,34719,"SDS011",20946,52.51,13.318,"2021-09-29 01:44:41",43.67,NA,NA,21.6,NA,NA
"40",40,34719,"SDS011",20946,52.51,13.318,"2021-09-29 01:47:07",51.47,NA,NA,21.45,NA,NA
"41",41,34719,"SDS011",20946,52.51,13.318,"2021-09-29 01:49:34",41.97,NA,NA,19.55,NA,NA
"42",42,34719,"SDS011",20946,52.51,13.318,"2021-09-29 01:52:01",44.75,NA,NA,20.88,NA,NA
"43",43,34719,"SDS011",20946,52.51,13.318,"2021-09-29 01:54:30",43.72,NA,NA,20.38,NA,NA
"44",44,34719,"SDS011",20946,52.51,13.318,"2021-09-29 01:56:57",36.5,NA,NA,18.98,NA,NA
"45",45,34719,"SDS011",20946,52.51,13.318,"2021-09-29 01:59:23",35.55,NA,NA,20.02,NA,NA
"46",46,34719,"SDS011",20946,52.51,13.318,"2021-09-29 02:01:51",39.4,NA,NA,20.8,NA,NA
"47",47,34719,"SDS011",20946,52.51,13.318,"2021-09-29 02:04:18",42,NA,NA,20.13,NA,NA
"48",48,34719,"SDS011",20946,52.51,13.318,"2021-09-29 02:06:54",40.28,NA,NA,18.65,NA,NA
"49",49,34719,"SDS011",20946,52.51,13.318,"2021-09-29 02:09:22",42.28,NA,NA,19.67,NA,NA
"50",50,34719,"SDS011",20946,52.51,13.318,"2021-09-29 02:11:49",45.85,NA,NA,20.92,NA,NA
"51",51,34719,"SDS011",20946,52.51,13.318,"2021-09-29 02:14:15",40.4,NA,NA,20.35,NA,NA
"52",52,34719,"SDS011",20946,52.51,13.318,"2021-09-29 02:16:45",50.42,NA,NA,21.38,NA,NA
"53",53,34719,"SDS011",20946,52.51,13.318,"2021-09-29 02:19:15",47.4,NA,NA,22.23,NA,NA
"54",54,34719,"SDS011",20946,52.51,13.318,"2021-09-29 02:21:41",46.9,NA,NA,20.55,NA,NA
"55",55,34719,"SDS011",20946,52.51,13.318,"2021-09-29 02:24:07",46.1,NA,NA,20.13,NA,NA
"56",56,34719,"SDS011",20946,52.51,13.318,"2021-09-29 02:26:33",47.1,NA,NA,20.8,NA,NA
"57",57,34719,"SDS011",20946,52.51,13.318,"2021-09-29 02:28:59",40.67,NA,NA,20.42,NA,NA
"58",58,34719,"SDS011",20946,52.51,13.318,"2021-09-29 02:31:25",52.72,NA,NA,21.08,NA,NA
"59",59,34719,"SDS011",20946,52.51,13.318,"2021-09-29 02:33:51",48.8,NA,NA,21.5,NA,NA
"60",60,34719,"SDS011",20946,52.51,13.318,"2021-09-29 02:36:18",44.28,NA,NA,21.17,NA,NA
"61",61,34719,"SDS011",20946,52.51,13.318,"2021-09-29 02:38:44",42.83,NA,NA,20.5,NA,NA
"62",62,34719,"SDS011",20946,52.51,13.318,"2021-09-29 02:41:12",44.33,NA,NA,20.15,NA,NA
"63",63,34719,"SDS011",20946,52.51,13.318,"2021-09-29 02:43:38",44.83,NA,NA,19.9,NA,NA
"64",64,34719,"SDS011",20946,52.51,13.318,"2021-09-29 02:46:03",49.4,NA,NA,22.6,NA,NA
"65",65,34719,"SDS011",20946,52.51,13.318,"2021-09-29 02:48:30",43,NA,NA,21.3,NA,NA
"66",66,34719,"SDS011",20946,52.51,13.318,"2021-09-29 02:50:56",49.03,NA,NA,21.9,NA,NA
"67",67,34719,"SDS011",20946,52.51,13.318,"2021-09-29 02:53:21",42.78,NA,NA,20.63,NA,NA
"68",68,34719,"SDS011",20946,52.51,13.318,"2021-09-29 02:55:47",44.47,NA,NA,20.33,NA,NA
"69",69,34719,"SDS011",20946,52.51,13.318,"2021-09-29 02:58:13",39.72,NA,NA,18.58,NA,NA
"70",70,34719,"SDS011",20946,52.51,13.318,"2021-09-29 03:00:39",41.2,NA,NA,18.23,NA,NA
"71",71,34719,"SDS011",20946,52.51,13.318,"2021-09-29 03:03:04",31.95,NA,NA,16.38,NA,NA
"72",72,34719,"SDS011",20946,52.51,13.318,"2021-09-29 03:05:33",35.6,NA,NA,15.8,NA,NA
"73",73,34719,"SDS011",20946,52.51,13.318,"2021-09-29 03:07:58",33.92,NA,NA,16.3,NA,NA
"74",74,34719,"SDS011",20946,52.51,13.318,"2021-09-29 03:10:24",31.25,NA,NA,15.63,NA,NA
"75",75,34719,"SDS011",20946,52.51,13.318,"2021-09-29 03:12:49",32.95,NA,NA,15.95,NA,NA
"76",76,34719,"SDS011",20946,52.51,13.318,"2021-09-29 03:15:15",35.28,NA,NA,16.17,NA,NA
"77",77,34719,"SDS011",20946,52.51,13.318,"2021-09-29 03:17:40",37.4,NA,NA,16.5,NA,NA
"78",78,34719,"SDS011",20946,52.51,13.318,"2021-09-29 03:20:06",20.73,NA,NA,11.4,NA,NA
"79",79,34719,"SDS011",20946,52.51,13.318,"2021-09-29 03:22:32",22.42,NA,NA,11.98,NA,NA
"80",80,34719,"SDS011",20946,52.51,13.318,"2021-09-29 03:24:58",27.8,NA,NA,13.75,NA,NA
"81",81,34719,"SDS011",20946,52.51,13.318,"2021-09-29 03:27:24",30,NA,NA,14.05,NA,NA
"82",82,34719,"SDS011",20946,52.51,13.318,"2021-09-29 03:29:50",30.52,NA,NA,14.1,NA,NA
"83",83,34719,"SDS011",20946,52.51,13.318,"2021-09-29 03:32:15",28.48,NA,NA,13.48,NA,NA
"84",84,34719,"SDS011",20946,52.51,13.318,"2021-09-29 03:34:41",37.1,NA,NA,14.3,NA,NA
"85",85,34719,"SDS011",20946,52.51,13.318,"2021-09-29 03:37:06",34.33,NA,NA,15.27,NA,NA
"86",86,34719,"SDS011",20946,52.51,13.318,"2021-09-29 03:39:32",39.88,NA,NA,16.65,NA,NA
"87",87,34719,"SDS011",20946,52.51,13.318,"2021-09-29 03:41:57",39.5,NA,NA,16.77,NA,NA
"88",88,34719,"SDS011",20946,52.51,13.318,"2021-09-29 03:44:23",47.67,NA,NA,17.42,NA,NA
"89",89,34719,"SDS011",20946,52.51,13.318,"2021-09-29 03:46:48",44.58,NA,NA,18.9,NA,NA
"90",90,34719,"SDS011",20946,52.51,13.318,"2021-09-29 03:49:14",53.05,NA,NA,19.52,NA,NA
"91",91,34719,"SDS011",20946,52.51,13.318,"2021-09-29 03:51:39",49.03,NA,NA,19.95,NA,NA
"92",92,34719,"SDS011",20946,52.51,13.318,"2021-09-29 03:54:05",56.75,NA,NA,20.63,NA,NA
"93",93,34719,"SDS011",20946,52.51,13.318,"2021-09-29 03:56:30",61.45,NA,NA,23.42,NA,NA
"94",94,34719,"SDS011",20946,52.51,13.318,"2021-09-29 03:58:56",66.3,NA,NA,24.25,NA,NA
"95",95,34719,"SDS011",20946,52.51,13.318,"2021-09-29 04:01:21",66.53,NA,NA,25.42,NA,NA
"96",96,34719,"SDS011",20946,52.51,13.318,"2021-09-29 04:03:47",68.57,NA,NA,26.65,NA,NA
"97",97,34719,"SDS011",20946,52.51,13.318,"2021-09-29 04:06:12",76.57,NA,NA,27.45,NA,NA
"98",98,34719,"SDS011",20946,52.51,13.318,"2021-09-29 04:08:38",82.28,NA,NA,27.8,NA,NA
"99",99,34719,"SDS011",20946,52.51,13.318,"2021-09-29 04:11:03",99.9,NA,NA,32.22,NA,NA
"100",100,34719,"SDS011",20946,52.51,13.318,"2021-09-29 04:13:32",93.32,NA,NA,30.2,NA,NA
"101",101,34719,"SDS011",20946,52.51,13.318,"2021-09-29 04:15:58",80.75,NA,NA,27.27,NA,NA
"102",102,34719,"SDS011",20946,52.51,13.318,"2021-09-29 04:18:24",83.6,NA,NA,28.83,NA,NA
"103",103,34719,"SDS011",20946,52.51,13.318,"2021-09-29 04:20:50",91.47,NA,NA,28.92,NA,NA
"104",104,34719,"SDS011",20946,52.51,13.318,"2021-09-29 04:23:16",87.72,NA,NA,29.7,NA,NA
"105",105,34719,"SDS011",20946,52.51,13.318,"2021-09-29 04:25:41",90.88,NA,NA,30.25,NA,NA
"106",106,34719,"SDS011",20946,52.51,13.318,"2021-09-29 04:28:07",104.3,NA,NA,30.52,NA,NA
"107",107,34719,"SDS011",20946,52.51,13.318,"2021-09-29 04:30:33",105.15,NA,NA,31.33,NA,NA
"108",108,34719,"SDS011",20946,52.51,13.318,"2021-09-29 04:32:58",103.75,NA,NA,32.3,NA,NA
"109",109,34719,"SDS011",20946,52.51,13.318,"2021-09-29 04:35:25",105.93,NA,NA,31.1,NA,NA
"110",110,34719,"SDS011",20946,52.51,13.318,"2021-09-29 04:37:51",103.72,NA,NA,32.1,NA,NA
"111",111,34719,"SDS011",20946,52.51,13.318,"2021-09-29 04:40:17",98.25,NA,NA,31.55,NA,NA
"112",112,34719,"SDS011",20946,52.51,13.318,"2021-09-29 04:42:42",107.3,NA,NA,31.7,NA,NA
"113",113,34719,"SDS011",20946,52.51,13.318,"2021-09-29 04:45:08",105.5,NA,NA,30.85,NA,NA
"114",114,34719,"SDS011",20946,52.51,13.318,"2021-09-29 04:47:34",106.05,NA,NA,31.15,NA,NA
"115",115,34719,"SDS011",20946,52.51,13.318,"2021-09-29 04:49:59",114.25,NA,NA,31.75,NA,NA
"116",116,34719,"SDS011",20946,52.51,13.318,"2021-09-29 04:52:25",114.05,NA,NA,32.5,NA,NA
"117",117,34719,"SDS011",20946,52.51,13.318,"2021-09-29 04:54:51",129.65,NA,NA,33.22,NA,NA
"118",118,34719,"SDS011",20946,52.51,13.318,"2021-09-29 04:57:17",106.97,NA,NA,31.52,NA,NA
"119",119,34719,"SDS011",20946,52.51,13.318,"2021-09-29 04:59:43",115.4,NA,NA,32.03,NA,NA
"120",120,34719,"SDS011",20946,52.51,13.318,"2021-09-29 05:02:09",117.13,NA,NA,31.38,NA,NA
"121",121,34719,"SDS011",20946,52.51,13.318,"2021-09-29 05:04:36",115.13,NA,NA,32.9,NA,NA
"122",122,34719,"SDS011",20946,52.51,13.318,"2021-09-29 05:07:03",116.95,NA,NA,31.9,NA,NA
"123",123,34719,"SDS011",20946,52.51,13.318,"2021-09-29 05:09:29",115.72,NA,NA,32.38,NA,NA
"124",124,34719,"SDS011",20946,52.51,13.318,"2021-09-29 05:11:59",105.3,NA,NA,31.67,NA,NA
"125",125,34719,"SDS011",20946,52.51,13.318,"2021-09-29 05:14:40",109,NA,NA,29.63,NA,NA
"126",126,34719,"SDS011",20946,52.51,13.318,"2021-09-29 05:17:05",103.88,NA,NA,30.77,NA,NA
"127",127,34719,"SDS011",20946,52.51,13.318,"2021-09-29 05:19:31",96.5,NA,NA,28.5,NA,NA
"128",128,34719,"SDS011",20946,52.51,13.318,"2021-09-29 05:21:57",94.47,NA,NA,28.58,NA,NA
"129",129,34719,"SDS011",20946,52.51,13.318,"2021-09-29 05:24:22",103.1,NA,NA,30.58,NA,NA
"130",130,34719,"SDS011",20946,52.51,13.318,"2021-09-29 05:26:48",109.95,NA,NA,32.2,NA,NA
"131",131,34719,"SDS011",20946,52.51,13.318,"2021-09-29 05:29:14",106.4,NA,NA,31.67,NA,NA
"132",132,34719,"SDS011",20946,52.51,13.318,"2021-09-29 05:31:42",108.15,NA,NA,31.55,NA,NA
"133",133,34719,"SDS011",20946,52.51,13.318,"2021-09-29 05:34:08",104.18,NA,NA,31.15,NA,NA
"134",134,34719,"SDS011",20946,52.51,13.318,"2021-09-29 05:36:33",99.25,NA,NA,30.17,NA,NA
"135",135,34719,"SDS011",20946,52.51,13.318,"2021-09-29 05:38:59",90.43,NA,NA,29.9,NA,NA
"136",136,34719,"SDS011",20946,52.51,13.318,"2021-09-29 05:41:24",92.35,NA,NA,30.6,NA,NA
"137",137,34719,"SDS011",20946,52.51,13.318,"2021-09-29 05:43:50",94.5,NA,NA,29.1,NA,NA
"138",138,34719,"SDS011",20946,52.51,13.318,"2021-09-29 05:46:15",83.9,NA,NA,27.35,NA,NA
"139",139,34719,"SDS011",20946,52.51,13.318,"2021-09-29 05:48:41",92.93,NA,NA,28.83,NA,NA
"140",140,34719,"SDS011",20946,52.51,13.318,"2021-09-29 05:51:07",89.18,NA,NA,27.9,NA,NA
"141",141,34719,"SDS011",20946,52.51,13.318,"2021-09-29 05:53:33",91.8,NA,NA,28.02,NA,NA
"142",142,34719,"SDS011",20946,52.51,13.318,"2021-09-29 05:55:59",80.93,NA,NA,26.55,NA,NA
"143",143,34719,"SDS011",20946,52.51,13.318,"2021-09-29 05:58:24",78.55,NA,NA,25.8,NA,NA
"144",144,34719,"SDS011",20946,52.51,13.318,"2021-09-29 06:00:50",78.43,NA,NA,27.9,NA,NA
"145",145,34719,"SDS011",20946,52.51,13.318,"2021-09-29 06:03:15",76.72,NA,NA,27.25,NA,NA
"146",146,34719,"SDS011",20946,52.51,13.318,"2021-09-29 06:05:44",77.05,NA,NA,28.02,NA,NA
"147",147,34719,"SDS011",20946,52.51,13.318,"2021-09-29 06:08:09",71.47,NA,NA,27.73,NA,NA
"148",148,34719,"SDS011",20946,52.51,13.318,"2021-09-29 06:10:35",87.15,NA,NA,28.52,NA,NA
"149",149,34719,"SDS011",20946,52.51,13.318,"2021-09-29 06:13:00",73.93,NA,NA,27.42,NA,NA
"150",150,34719,"SDS011",20946,52.51,13.318,"2021-09-29 06:15:26",75.35,NA,NA,27.85,NA,NA
"151",151,34719,"SDS011",20946,52.51,13.318,"2021-09-29 06:20:28",75.45,NA,NA,26.88,NA,NA
"152",152,34719,"SDS011",20946,52.51,13.318,"2021-09-29 06:22:57",72.9,NA,NA,26.35,NA,NA
"153",153,34719,"SDS011",20946,52.51,13.318,"2021-09-29 06:25:23",73.3,NA,NA,27.33,NA,NA
"154",154,34719,"SDS011",20946,52.51,13.318,"2021-09-29 06:27:49",77.82,NA,NA,28.5,NA,NA
"155",155,34719,"SDS011",20946,52.51,13.318,"2021-09-29 06:30:15",80.2,NA,NA,29.88,NA,NA
"156",156,34719,"SDS011",20946,52.51,13.318,"2021-09-29 06:32:42",85.78,NA,NA,30.2,NA,NA
"157",157,34719,"SDS011",20946,52.51,13.318,"2021-09-29 06:35:08",80.03,NA,NA,28.73,NA,NA
"158",158,34719,"SDS011",20946,52.51,13.318,"2021-09-29 06:37:34",100.03,NA,NA,31.45,NA,NA
"159",159,34719,"SDS011",20946,52.51,13.318,"2021-09-29 06:40:07",80.38,NA,NA,29.85,NA,NA
"160",160,34719,"SDS011",20946,52.51,13.318,"2021-09-29 06:45:00",88.6,NA,NA,31.02,NA,NA
"161",161,34719,"SDS011",20946,52.51,13.318,"2021-09-29 06:47:25",88.9,NA,NA,31.52,NA,NA
"162",162,34719,"SDS011",20946,52.51,13.318,"2021-09-29 06:49:51",87.82,NA,NA,32.38,NA,NA
"163",163,34719,"SDS011",20946,52.51,13.318,"2021-09-29 06:52:16",91.22,NA,NA,32.83,NA,NA
"164",164,34719,"SDS011",20946,52.51,13.318,"2021-09-29 06:54:42",90.4,NA,NA,33.03,NA,NA
"165",165,34719,"SDS011",20946,52.51,13.318,"2021-09-29 06:57:07",92.75,NA,NA,33.1,NA,NA
"166",166,34719,"SDS011",20946,52.51,13.318,"2021-09-29 06:59:33",90.07,NA,NA,34.83,NA,NA
"167",167,34719,"SDS011",20946,52.51,13.318,"2021-09-29 07:02:00",96.1,NA,NA,36.72,NA,NA
"168",168,34719,"SDS011",20946,52.51,13.318,"2021-09-29 07:04:26",98.32,NA,NA,34.45,NA,NA
"169",169,34719,"SDS011",20946,52.51,13.318,"2021-09-29 07:06:52",96.15,NA,NA,36.3,NA,NA
"170",170,34719,"SDS011",20946,52.51,13.318,"2021-09-29 07:09:17",89.75,NA,NA,35.22,NA,NA
"171",171,34719,"SDS011",20946,52.51,13.318,"2021-09-29 07:11:43",94.28,NA,NA,34.03,NA,NA
"172",172,34719,"SDS011",20946,52.51,13.318,"2021-09-29 07:14:08",98.03,NA,NA,36.92,NA,NA
"173",173,34719,"SDS011",20946,52.51,13.318,"2021-09-29 07:16:34",91.95,NA,NA,35.38,NA,NA
"174",174,34719,"SDS011",20946,52.51,13.318,"2021-09-29 07:18:59",92.7,NA,NA,37.38,NA,NA
"175",175,34719,"SDS011",20946,52.51,13.318,"2021-09-29 07:21:29",88.32,NA,NA,35.05,NA,NA
"176",176,34719,"SDS011",20946,52.51,13.318,"2021-09-29 07:23:54",88.95,NA,NA,35.33,NA,NA
"177",177,34719,"SDS011",20946,52.51,13.318,"2021-09-29 07:26:21",89.2,NA,NA,34.3,NA,NA
"178",178,34719,"SDS011",20946,52.51,13.318,"2021-09-29 07:28:46",89,NA,NA,35.67,NA,NA
"179",179,34719,"SDS011",20946,52.51,13.318,"2021-09-29 07:31:13",92.25,NA,NA,35.83,NA,NA
"180",180,34719,"SDS011",20946,52.51,13.318,"2021-09-29 07:33:39",89.45,NA,NA,36.7,NA,NA
"181",181,34719,"SDS011",20946,52.51,13.318,"2021-09-29 07:36:05",85.35,NA,NA,35.42,NA,NA
"182",182,34719,"SDS011",20946,52.51,13.318,"2021-09-29 07:38:31",90.32,NA,NA,35.97,NA,NA
"183",183,34719,"SDS011",20946,52.51,13.318,"2021-09-29 07:40:57",89.13,NA,NA,35.33,NA,NA
"184",184,34719,"SDS011",20946,52.51,13.318,"2021-09-29 07:43:23",89.35,NA,NA,36.3,NA,NA
"185",185,34719,"SDS011",20946,52.51,13.318,"2021-09-29 07:45:48",88.3,NA,NA,36.05,NA,NA
"186",186,34719,"SDS011",20946,52.51,13.318,"2021-09-29 07:48:14",88.68,NA,NA,37.9,NA,NA
"187",187,34719,"SDS011",20946,52.51,13.318,"2021-09-29 07:50:40",93.7,NA,NA,36.85,NA,NA
"188",188,34719,"SDS011",20946,52.51,13.318,"2021-09-29 07:53:05",94.07,NA,NA,37.67,NA,NA
"189",189,34719,"SDS011",20946,52.51,13.318,"2021-09-29 07:55:31",104.13,NA,NA,38.6,NA,NA
"190",190,34719,"SDS011",20946,52.51,13.318,"2021-09-29 07:57:56",100.97,NA,NA,38.8,NA,NA
"191",191,34719,"SDS011",20946,52.51,13.318,"2021-09-29 08:00:22",101.9,NA,NA,39.55,NA,NA
"192",192,34719,"SDS011",20946,52.51,13.318,"2021-09-29 08:02:47",104.97,NA,NA,41.33,NA,NA
"193",193,34719,"SDS011",20946,52.51,13.318,"2021-09-29 08:05:13",101.03,NA,NA,40.58,NA,NA
"194",194,34719,"SDS011",20946,52.51,13.318,"2021-09-29 08:07:40",103.75,NA,NA,38.9,NA,NA
"195",195,34719,"SDS011",20946,52.51,13.318,"2021-09-29 08:10:07",100.82,NA,NA,37.67,NA,NA
"196",196,34719,"SDS011",20946,52.51,13.318,"2021-09-29 08:12:33",99.82,NA,NA,38.85,NA,NA
"197",197,34719,"SDS011",20946,52.51,13.318,"2021-09-29 08:14:59",101.07,NA,NA,39.88,NA,NA
"198",198,34719,"SDS011",20946,52.51,13.318,"2021-09-29 08:17:24",100.18,NA,NA,40.17,NA,NA
"199",199,34719,"SDS011",20946,52.51,13.318,"2021-09-29 08:19:50",117.72,NA,NA,42.2,NA,NA
"200",200,34719,"SDS011",20946,52.51,13.318,"2021-09-29 08:22:16",100.85,NA,NA,39.95,NA,NA
"201",201,34719,"SDS011",20946,52.51,13.318,"2021-09-29 08:24:42",117.9,NA,NA,42.38,NA,NA
"202",202,34719,"SDS011",20946,52.51,13.318,"2021-09-29 08:27:07",123.78,NA,NA,43.4,NA,NA
"203",203,34719,"SDS011",20946,52.51,13.318,"2021-09-29 08:29:41",114.6,NA,NA,42.08,NA,NA
"204",204,34719,"SDS011",20946,52.51,13.318,"2021-09-29 08:32:36",125.2,NA,NA,42.58,NA,NA
"205",205,34719,"SDS011",20946,52.51,13.318,"2021-09-29 08:35:17",130.88,NA,NA,44.45,NA,NA
"206",206,34719,"SDS011",20946,52.51,13.318,"2021-09-29 08:37:58",125.9,NA,NA,42.83,NA,NA
"207",207,34719,"SDS011",20946,52.51,13.318,"2021-09-29 08:40:40",167.45,NA,NA,48.88,NA,NA
"208",208,34719,"SDS011",20946,52.51,13.318,"2021-09-29 08:43:17",159.98,NA,NA,47.08,NA,NA
"209",209,34719,"SDS011",20946,52.51,13.318,"2021-09-29 08:45:44",197.52,NA,NA,49.05,NA,NA
"210",210,34719,"SDS011",20946,52.51,13.318,"2021-09-29 08:48:24",185.77,NA,NA,49.67,NA,NA
"211",211,34719,"SDS011",20946,52.51,13.318,"2021-09-29 08:51:03",217.48,NA,NA,52.22,NA,NA
"212",212,34719,"SDS011",20946,52.51,13.318,"2021-09-29 08:53:45",201.73,NA,NA,53.55,NA,NA
"213",213,34719,"SDS011",20946,52.51,13.318,"2021-09-29 08:56:10",222.38,NA,NA,52.03,NA,NA
"214",214,34719,"SDS011",20946,52.51,13.318,"2021-09-29 08:58:42",194.65,NA,NA,51.38,NA,NA
"215",215,34719,"SDS011",20946,52.51,13.318,"2021-09-29 09:01:27",259.48,NA,NA,54.38,NA,NA
"216",216,34719,"SDS011",20946,52.51,13.318,"2021-09-29 09:04:14",269.75,NA,NA,58,NA,NA
"217",217,34719,"SDS011",20946,52.51,13.318,"2021-09-29 09:06:58",292.52,NA,NA,57.83,NA,NA
"218",218,34719,"SDS011",20946,52.51,13.318,"2021-09-29 09:09:48",208.93,NA,NA,56.63,NA,NA
"219",219,34719,"SDS011",20946,52.51,13.318,"2021-09-29 09:12:47",230.75,NA,NA,57.28,NA,NA
"220",220,34719,"SDS011",20946,52.51,13.318,"2021-09-29 09:15:37",265.13,NA,NA,60.47,NA,NA
"221",221,34719,"SDS011",20946,52.51,13.318,"2021-09-29 09:18:09",348.5,NA,NA,63.47,NA,NA
"222",222,34719,"SDS011",20946,52.51,13.318,"2021-09-29 09:20:35",371.08,NA,NA,66.05,NA,NA
"223",223,34719,"SDS011",20946,52.51,13.318,"2021-09-29 09:23:06",247.48,NA,NA,61.05,NA,NA
"224",224,34719,"SDS011",20946,52.51,13.318,"2021-09-29 09:25:35",287.45,NA,NA,64.05,NA,NA
"225",225,34719,"SDS011",20946,52.51,13.318,"2021-09-29 09:28:03",300.55,NA,NA,66.18,NA,NA
"226",226,34719,"SDS011",20946,52.51,13.318,"2021-09-29 09:30:32",408.58,NA,NA,70.68,NA,NA
"227",227,34719,"SDS011",20946,52.51,13.318,"2021-09-29 09:32:59",404.25,NA,NA,68.47,NA,NA
"228",228,34719,"SDS011",20946,52.51,13.318,"2021-09-29 09:35:27",308.5,NA,NA,67.47,NA,NA
"229",229,34719,"SDS011",20946,52.51,13.318,"2021-09-29 09:38:10",315.33,NA,NA,63.72,NA,NA
"230",230,34719,"SDS011",20946,52.51,13.318,"2021-09-29 09:40:43",345.77,NA,NA,66.07,NA,NA
"231",231,34719,"SDS011",20946,52.51,13.318,"2021-09-29 09:43:09",378.45,NA,NA,68.57,NA,NA
"232",232,34719,"SDS011",20946,52.51,13.318,"2021-09-29 09:45:36",249.38,NA,NA,58.7,NA,NA
"233",233,34719,"SDS011",20946,52.51,13.318,"2021-09-29 09:48:13",334.48,NA,NA,61.5,NA,NA
"234",234,34719,"SDS011",20946,52.51,13.318,"2021-09-29 09:50:39",310.73,NA,NA,62.47,NA,NA
"235",235,34719,"SDS011",20946,52.51,13.318,"2021-09-29 09:53:10",333.3,NA,NA,65.05,NA,NA
"236",236,34719,"SDS011",20946,52.51,13.318,"2021-09-29 09:55:37",384.38,NA,NA,65.8,NA,NA
"237",237,34719,"SDS011",20946,52.51,13.318,"2021-09-29 09:58:02",375.27,NA,NA,67.22,NA,NA
"238",238,34719,"SDS011",20946,52.51,13.318,"2021-09-29 10:00:28",307.02,NA,NA,65.13,NA,NA
"239",239,34719,"SDS011",20946,52.51,13.318,"2021-09-29 10:02:54",364.2,NA,NA,65.22,NA,NA
"240",240,34719,"SDS011",20946,52.51,13.318,"2021-09-29 10:05:21",373.88,NA,NA,68.47,NA,NA
"241",241,34719,"SDS011",20946,52.51,13.318,"2021-09-29 10:07:48",400.13,NA,NA,70.4,NA,NA
"242",242,34719,"SDS011",20946,52.51,13.318,"2021-09-29 10:10:16",381.83,NA,NA,70.82,NA,NA
"243",243,34719,"SDS011",20946,52.51,13.318,"2021-09-29 10:12:46",317.75,NA,NA,65.95,NA,NA
"244",244,34719,"SDS011",20946,52.51,13.318,"2021-09-29 10:18:34",366.6,NA,NA,70.88,NA,NA
"245",245,34719,"SDS011",20946,52.51,13.318,"2021-09-29 10:21:35",354.55,NA,NA,70.78,NA,NA
"246",246,34719,"SDS011",20946,52.51,13.318,"2021-09-29 10:24:22",306.77,NA,NA,66.6,NA,NA
"247",247,34719,"SDS011",20946,52.51,13.318,"2021-09-29 10:27:10",400.55,NA,NA,70.65,NA,NA
"248",248,34719,"SDS011",20946,52.51,13.318,"2021-09-29 10:29:41",250.1,NA,NA,65.07,NA,NA
"249",249,34719,"SDS011",20946,52.51,13.318,"2021-09-29 10:32:10",374.38,NA,NA,72.25,NA,NA
"250",250,34719,"SDS011",20946,52.51,13.318,"2021-09-29 10:34:50",269.38,NA,NA,63.72,NA,NA
"251",251,34719,"SDS011",20946,52.51,13.318,"2021-09-29 10:37:58",365.33,NA,NA,68,NA,NA
"252",252,34719,"SDS011",20946,52.51,13.318,"2021-09-29 10:40:32",357.88,NA,NA,70.07,NA,NA
"253",253,34719,"SDS011",20946,52.51,13.318,"2021-09-29 10:45:52",226.57,NA,NA,61.25,NA,NA
"254",254,34719,"SDS011",20946,52.51,13.318,"2021-09-29 10:48:45",252.02,NA,NA,62.08,NA,NA
"255",255,34719,"SDS011",20946,52.51,13.318,"2021-09-29 10:51:20",301.3,NA,NA,64,NA,NA
"256",256,34719,"SDS011",20946,52.51,13.318,"2021-09-29 10:54:09",245.43,NA,NA,58.17,NA,NA
"257",257,34719,"SDS011",20946,52.51,13.318,"2021-09-29 10:56:56",274.97,NA,NA,60.97,NA,NA
"258",258,34719,"SDS011",20946,52.51,13.318,"2021-09-29 11:00:25",263.5,NA,NA,59.55,NA,NA
"259",259,34719,"SDS011",20946,52.51,13.318,"2021-09-29 11:02:58",239.82,NA,NA,58.88,NA,NA
"260",260,34719,"SDS011",20946,52.51,13.318,"2021-09-29 11:05:35",282.05,NA,NA,62.55,NA,NA
"261",261,34719,"SDS011",20946,52.51,13.318,"2021-09-29 11:08:37",202.93,NA,NA,57.03,NA,NA
"262",262,34719,"SDS011",20946,52.51,13.318,"2021-09-29 11:11:26",261.55,NA,NA,59.72,NA,NA
"263",263,34719,"SDS011",20946,52.51,13.318,"2021-09-29 11:14:01",258.45,NA,NA,58.58,NA,NA
"264",264,34719,"SDS011",20946,52.51,13.318,"2021-09-29 11:16:47",295.88,NA,NA,61.97,NA,NA
"265",265,34719,"SDS011",20946,52.51,13.318,"2021-09-29 11:19:33",255.73,NA,NA,57.3,NA,NA
"266",266,34719,"SDS011",20946,52.51,13.318,"2021-09-29 11:22:18",226.75,NA,NA,57.75,NA,NA
"267",267,34719,"SDS011",20946,52.51,13.318,"2021-09-29 11:25:11",210.9,NA,NA,56.22,NA,NA
"268",268,34719,"SDS011",20946,52.51,13.318,"2021-09-29 11:27:58",256.98,NA,NA,58.1,NA,NA
"269",269,34719,"SDS011",20946,52.51,13.318,"2021-09-29 11:30:42",262.33,NA,NA,58.75,NA,NA
"270",270,34719,"SDS011",20946,52.51,13.318,"2021-09-29 11:33:24",241.75,NA,NA,59.42,NA,NA
"271",271,34719,"SDS011",20946,52.51,13.318,"2021-09-29 11:36:03",269,NA,NA,58.15,NA,NA
"272",272,34719,"SDS011",20946,52.51,13.318,"2021-09-29 11:38:48",268.13,NA,NA,56.78,NA,NA
"273",273,34719,"SDS011",20946,52.51,13.318,"2021-09-29 11:41:14",244.98,NA,NA,54.85,NA,NA
"274",274,34719,"SDS011",20946,52.51,13.318,"2021-09-29 11:43:55",231.7,NA,NA,54.55,NA,NA
"275",275,34719,"SDS011",20946,52.51,13.318,"2021-09-29 11:46:41",178.48,NA,NA,48.5,NA,NA
"276",276,34719,"SDS011",20946,52.51,13.318,"2021-09-29 11:49:29",179.5,NA,NA,47.15,NA,NA
"277",277,34719,"SDS011",20946,52.51,13.318,"2021-09-29 11:51:55",240.73,NA,NA,48.8,NA,NA
"278",278,34719,"SDS011",20946,52.51,13.318,"2021-09-29 11:54:41",167.1,NA,NA,45.35,NA,NA
"279",279,34719,"SDS011",20946,52.51,13.318,"2021-09-29 11:57:29",192.65,NA,NA,46.88,NA,NA
"280",280,34719,"SDS011",20946,52.51,13.318,"2021-09-29 12:00:13",184.45,NA,NA,45.42,NA,NA
"281",281,34719,"SDS011",20946,52.51,13.318,"2021-09-29 12:02:58",178.88,NA,NA,44.75,NA,NA
"282",282,34719,"SDS011",20946,52.51,13.318,"2021-09-29 12:05:44",185.63,NA,NA,47.13,NA,NA
"283",283,34719,"SDS011",20946,52.51,13.318,"2021-09-29 12:08:32",172.85,NA,NA,44.47,NA,NA
"284",284,34719,"SDS011",20946,52.51,13.318,"2021-09-29 12:10:59",127,NA,NA,41.45,NA,NA
"285",285,34719,"SDS011",20946,52.51,13.318,"2021-09-29 12:13:36",177.38,NA,NA,44.03,NA,NA
"286",286,34719,"SDS011",20946,52.51,13.318,"2021-09-29 12:16:10",123.07,NA,NA,41.72,NA,NA
"287",287,34719,"SDS011",20946,52.51,13.318,"2021-09-29 12:18:36",124.6,NA,NA,40.42,NA,NA
"288",288,34719,"SDS011",20946,52.51,13.318,"2021-09-29 12:21:02",135.65,NA,NA,41.5,NA,NA
"289",289,34719,"SDS011",20946,52.51,13.318,"2021-09-29 12:23:28",131.02,NA,NA,42.33,NA,NA
"290",290,34719,"SDS011",20946,52.51,13.318,"2021-09-29 12:26:03",122.38,NA,NA,40.4,NA,NA
"291",291,34719,"SDS011",20946,52.51,13.318,"2021-09-29 12:28:44",115.03,NA,NA,39.83,NA,NA
"292",292,34719,"SDS011",20946,52.51,13.318,"2021-09-29 12:31:39",120.35,NA,NA,39.58,NA,NA
"293",293,34719,"SDS011",20946,52.51,13.318,"2021-09-29 12:34:18",111.82,NA,NA,39.2,NA,NA
"294",294,34719,"SDS011",20946,52.51,13.318,"2021-09-29 12:37:10",89.3,NA,NA,34.5,NA,NA
"295",295,34719,"SDS011",20946,52.51,13.318,"2021-09-29 12:39:37",98.7,NA,NA,36.9,NA,NA
"296",296,34719,"SDS011",20946,52.51,13.318,"2021-09-29 12:42:03",87.8,NA,NA,34.58,NA,NA
"297",297,34719,"SDS011",20946,52.51,13.318,"2021-09-29 12:44:30",82.72,NA,NA,33.7,NA,NA
"298",298,34719,"SDS011",20946,52.51,13.318,"2021-09-29 12:46:56",81.78,NA,NA,33.72,NA,NA
"299",299,34719,"SDS011",20946,52.51,13.318,"2021-09-29 12:49:35",71.97,NA,NA,33.23,NA,NA
"300",300,34719,"SDS011",20946,52.51,13.318,"2021-09-29 12:52:00",70.53,NA,NA,30.42,NA,NA
"301",301,34719,"SDS011",20946,52.51,13.318,"2021-09-29 12:54:39",65.07,NA,NA,29.83,NA,NA
"302",302,34719,"SDS011",20946,52.51,13.318,"2021-09-29 12:57:12",54.67,NA,NA,26.45,NA,NA
"303",303,34719,"SDS011",20946,52.51,13.318,"2021-09-29 12:59:38",59.05,NA,NA,27.33,NA,NA
"304",304,34719,"SDS011",20946,52.51,13.318,"2021-09-29 13:02:03",61.8,NA,NA,29.05,NA,NA
"305",305,34719,"SDS011",20946,52.51,13.318,"2021-09-29 13:04:29",54.88,NA,NA,25.9,NA,NA
"306",306,34719,"SDS011",20946,52.51,13.318,"2021-09-29 13:06:54",43.38,NA,NA,24.92,NA,NA
"307",307,34719,"SDS011",20946,52.51,13.318,"2021-09-29 13:09:20",40.2,NA,NA,22.8,NA,NA
"308",308,34719,"SDS011",20946,52.51,13.318,"2021-09-29 13:11:45",47.85,NA,NA,25,NA,NA
"309",309,34719,"SDS011",20946,52.51,13.318,"2021-09-29 13:14:11",47.13,NA,NA,25.35,NA,NA
"310",310,34719,"SDS011",20946,52.51,13.318,"2021-09-29 13:16:36",44.78,NA,NA,23.58,NA,NA
"311",311,34719,"SDS011",20946,52.51,13.318,"2021-09-29 13:19:02",41.47,NA,NA,22.85,NA,NA
"312",312,34719,"SDS011",20946,52.51,13.318,"2021-09-29 13:21:34",41.8,NA,NA,22.35,NA,NA
"313",313,34719,"SDS011",20946,52.51,13.318,"2021-09-29 13:24:05",39.15,NA,NA,23.23,NA,NA
"314",314,34719,"SDS011",20946,52.51,13.318,"2021-09-29 13:26:46",40.8,NA,NA,22.38,NA,NA
"315",315,34719,"SDS011",20946,52.51,13.318,"2021-09-29 13:29:35",50.45,NA,NA,25.33,NA,NA
"316",316,34719,"SDS011",20946,52.51,13.318,"2021-09-29 13:32:19",44.13,NA,NA,23.38,NA,NA
"317",317,34719,"SDS011",20946,52.51,13.318,"2021-09-29 13:35:03",43.42,NA,NA,24.5,NA,NA
"318",318,34719,"SDS011",20946,52.51,13.318,"2021-09-29 13:37:36",43.65,NA,NA,23.7,NA,NA
"319",319,34719,"SDS011",20946,52.51,13.318,"2021-09-29 13:40:02",50.08,NA,NA,25.08,NA,NA
"320",320,34719,"SDS011",20946,52.51,13.318,"2021-09-29 13:42:28",46,NA,NA,24.6,NA,NA
"321",321,34719,"SDS011",20946,52.51,13.318,"2021-09-29 13:44:54",44.17,NA,NA,23.27,NA,NA
"322",322,34719,"SDS011",20946,52.51,13.318,"2021-09-29 13:47:20",42.2,NA,NA,24.38,NA,NA
"323",323,34719,"SDS011",20946,52.51,13.318,"2021-09-29 13:49:45",40.22,NA,NA,23.38,NA,NA
"324",324,34719,"SDS011",20946,52.51,13.318,"2021-09-29 13:52:11",40.67,NA,NA,23.42,NA,NA
"325",325,34719,"SDS011",20946,52.51,13.318,"2021-09-29 13:54:42",44.3,NA,NA,24.65,NA,NA
"326",326,34719,"SDS011",20946,52.51,13.318,"2021-09-29 13:57:09",38.25,NA,NA,22.38,NA,NA
"327",327,34719,"SDS011",20946,52.51,13.318,"2021-09-29 14:00:09",44.35,NA,NA,22.95,NA,NA
"328",328,34719,"SDS011",20946,52.51,13.318,"2021-09-29 14:02:46",48.03,NA,NA,25.1,NA,NA
"329",329,34719,"SDS011",20946,52.51,13.318,"2021-09-29 14:05:15",47.42,NA,NA,24.98,NA,NA
"330",330,34719,"SDS011",20946,52.51,13.318,"2021-09-29 14:07:59",47.2,NA,NA,25.17,NA,NA
"331",331,34719,"SDS011",20946,52.51,13.318,"2021-09-29 14:10:43",44.05,NA,NA,24.13,NA,NA
"332",332,34719,"SDS011",20946,52.51,13.318,"2021-09-29 14:13:28",40.47,NA,NA,24.02,NA,NA
"333",333,34719,"SDS011",20946,52.51,13.318,"2021-09-29 14:16:12",43.1,NA,NA,25.08,NA,NA
"334",334,34719,"SDS011",20946,52.51,13.318,"2021-09-29 14:18:58",42.75,NA,NA,24.13,NA,NA
"335",335,34719,"SDS011",20946,52.51,13.318,"2021-09-29 14:21:42",42.83,NA,NA,23.98,NA,NA
"336",336,34719,"SDS011",20946,52.51,13.318,"2021-09-29 14:24:26",42.2,NA,NA,22.13,NA,NA
"337",337,34719,"SDS011",20946,52.51,13.318,"2021-09-29 14:27:11",44.53,NA,NA,24.75,NA,NA
"338",338,34719,"SDS011",20946,52.51,13.318,"2021-09-29 14:29:55",44.83,NA,NA,24,NA,NA
"339",339,34719,"SDS011",20946,52.51,13.318,"2021-09-29 14:32:28",40.7,NA,NA,22.27,NA,NA
"340",340,34719,"SDS011",20946,52.51,13.318,"2021-09-29 14:34:57",35.6,NA,NA,21.58,NA,NA
"341",341,34719,"SDS011",20946,52.51,13.318,"2021-09-29 14:37:22",35.42,NA,NA,20.85,NA,NA
"342",342,34719,"SDS011",20946,52.51,13.318,"2021-09-29 14:39:48",35.97,NA,NA,21.77,NA,NA
"343",343,34719,"SDS011",20946,52.51,13.318,"2021-09-29 14:42:14",37.83,NA,NA,21.4,NA,NA
"344",344,34719,"SDS011",20946,52.51,13.318,"2021-09-29 14:44:39",37.5,NA,NA,21.2,NA,NA
"345",345,34719,"SDS011",20946,52.51,13.318,"2021-09-29 14:47:05",36.9,NA,NA,20.85,NA,NA
"346",346,34719,"SDS011",20946,52.51,13.318,"2021-09-29 14:49:41",35.72,NA,NA,21.52,NA,NA
"347",347,34719,"SDS011",20946,52.51,13.318,"2021-09-29 14:54:35",40.33,NA,NA,20.67,NA,NA
"348",348,34719,"SDS011",20946,52.51,13.318,"2021-09-29 14:57:01",37.72,NA,NA,21.95,NA,NA
"349",349,34719,"SDS011",20946,52.51,13.318,"2021-09-29 14:59:28",34.85,NA,NA,19.88,NA,NA
"350",350,34719,"SDS011",20946,52.51,13.318,"2021-09-29 15:01:54",33.4,NA,NA,19.95,NA,NA
"351",351,34719,"SDS011",20946,52.51,13.318,"2021-09-29 15:04:19",33.55,NA,NA,18.73,NA,NA
"352",352,34719,"SDS011",20946,52.51,13.318,"2021-09-29 15:06:45",31.4,NA,NA,19.65,NA,NA
"353",353,34719,"SDS011",20946,52.51,13.318,"2021-09-29 15:09:11",34.35,NA,NA,20.35,NA,NA
"354",354,34719,"SDS011",20946,52.51,13.318,"2021-09-29 15:11:36",30.83,NA,NA,18.92,NA,NA
"355",355,34719,"SDS011",20946,52.51,13.318,"2021-09-29 15:14:02",35.55,NA,NA,19.8,NA,NA
"356",356,34719,"SDS011",20946,52.51,13.318,"2021-09-29 15:16:36",30.65,NA,NA,19.25,NA,NA
"357",357,34719,"SDS011",20946,52.51,13.318,"2021-09-29 15:19:22",35.75,NA,NA,20.48,NA,NA
"358",358,34719,"SDS011",20946,52.51,13.318,"2021-09-29 15:21:48",38.63,NA,NA,22.17,NA,NA
"359",359,34719,"SDS011",20946,52.51,13.318,"2021-09-29 15:24:32",33.13,NA,NA,21.3,NA,NA
"360",360,34719,"SDS011",20946,52.51,13.318,"2021-09-29 15:27:12",39.5,NA,NA,23.02,NA,NA
"361",361,34719,"SDS011",20946,52.51,13.318,"2021-09-29 15:29:44",35.25,NA,NA,22.05,NA,NA
"362",362,34719,"SDS011",20946,52.51,13.318,"2021-09-29 15:32:12",35.63,NA,NA,21.77,NA,NA
"363",363,34719,"SDS011",20946,52.51,13.318,"2021-09-29 15:34:57",37.2,NA,NA,21.48,NA,NA
"364",364,34719,"SDS011",20946,52.51,13.318,"2021-09-29 15:37:41",33.25,NA,NA,21.6,NA,NA
"365",365,34719,"SDS011",20946,52.51,13.318,"2021-09-29 15:40:45",36.65,NA,NA,22.67,NA,NA
"366",366,34719,"SDS011",20946,52.51,13.318,"2021-09-29 15:43:29",34.4,NA,NA,21.17,NA,NA
"367",367,34719,"SDS011",20946,52.51,13.318,"2021-09-29 15:46:15",36.1,NA,NA,21.35,NA,NA
"368",368,34719,"SDS011",20946,52.51,13.318,"2021-09-29 15:49:07",39.33,NA,NA,22.7,NA,NA
"369",369,34719,"SDS011",20946,52.51,13.318,"2021-09-29 15:51:44",33.6,NA,NA,22.13,NA,NA
"370",370,34719,"SDS011",20946,52.51,13.318,"2021-09-29 15:54:16",37.3,NA,NA,22.9,NA,NA
"371",371,34719,"SDS011",20946,52.51,13.318,"2021-09-29 15:56:47",40.85,NA,NA,23.48,NA,NA
"372",372,34719,"SDS011",20946,52.51,13.318,"2021-09-29 15:59:30",41.72,NA,NA,23.55,NA,NA
"373",373,34719,"SDS011",20946,52.51,13.318,"2021-09-29 16:02:06",39.5,NA,NA,23.88,NA,NA
"374",374,34719,"SDS011",20946,52.51,13.318,"2021-09-29 16:04:34",37.53,NA,NA,23.65,NA,NA
"375",375,34719,"SDS011",20946,52.51,13.318,"2021-09-29 16:07:15",38.33,NA,NA,23.6,NA,NA
"376",376,34719,"SDS011",20946,52.51,13.318,"2021-09-29 16:10:19",35.9,NA,NA,22.98,NA,NA
"377",377,34719,"SDS011",20946,52.51,13.318,"2021-09-29 16:12:45",37.3,NA,NA,23.88,NA,NA
"378",378,34719,"SDS011",20946,52.51,13.318,"2021-09-29 16:15:29",40.75,NA,NA,25.3,NA,NA
"379",379,34719,"SDS011",20946,52.51,13.318,"2021-09-29 16:17:58",38.28,NA,NA,24.23,NA,NA
"380",380,34719,"SDS011",20946,52.51,13.318,"2021-09-29 16:20:42",41.08,NA,NA,25.1,NA,NA
"381",381,34719,"SDS011",20946,52.51,13.318,"2021-09-29 16:23:27",44.2,NA,NA,25.8,NA,NA
"382",382,34719,"SDS011",20946,52.51,13.318,"2021-09-29 16:26:31",39.7,NA,NA,24.98,NA,NA
"383",383,34719,"SDS011",20946,52.51,13.318,"2021-09-29 16:29:12",47.2,NA,NA,27.08,NA,NA
"384",384,34719,"SDS011",20946,52.51,13.318,"2021-09-29 16:31:58",44.03,NA,NA,26.65,NA,NA
"385",385,34719,"SDS011",20946,52.51,13.318,"2021-09-29 16:34:34",49.35,NA,NA,29.05,NA,NA
"386",386,34719,"SDS011",20946,52.51,13.318,"2021-09-29 16:37:09",46.63,NA,NA,28.23,NA,NA
"387",387,34719,"SDS011",20946,52.51,13.318,"2021-09-29 16:39:45",46.17,NA,NA,27.67,NA,NA
"388",388,34719,"SDS011",20946,52.51,13.318,"2021-09-29 16:42:11",42.72,NA,NA,27.73,NA,NA
"389",389,34719,"SDS011",20946,52.51,13.318,"2021-09-29 16:44:36",49.97,NA,NA,28.9,NA,NA
"390",390,34719,"SDS011",20946,52.51,13.318,"2021-09-29 16:47:03",50.6,NA,NA,29.1,NA,NA
"391",391,34719,"SDS011",20946,52.51,13.318,"2021-09-29 16:49:29",49.83,NA,NA,29.15,NA,NA
"392",392,34719,"SDS011",20946,52.51,13.318,"2021-09-29 16:52:05",49.17,NA,NA,30,NA,NA
"393",393,34719,"SDS011",20946,52.51,13.318,"2021-09-29 16:54:53",49.97,NA,NA,29.52,NA,NA
"394",394,34719,"SDS011",20946,52.51,13.318,"2021-09-29 16:57:19",53.67,NA,NA,30.48,NA,NA
"395",395,34719,"SDS011",20946,52.51,13.318,"2021-09-29 16:59:59",52.45,NA,NA,30.95,NA,NA
"396",396,34719,"SDS011",20946,52.51,13.318,"2021-09-29 17:02:33",62.58,NA,NA,34.1,NA,NA
"397",397,34719,"SDS011",20946,52.51,13.318,"2021-09-29 17:04:59",59.53,NA,NA,36.22,NA,NA
"398",398,34719,"SDS011",20946,52.51,13.318,"2021-09-29 17:07:24",58.25,NA,NA,31.88,NA,NA
"399",399,34719,"SDS011",20946,52.51,13.318,"2021-09-29 17:09:53",55.42,NA,NA,31.92,NA,NA
"400",400,34719,"SDS011",20946,52.51,13.318,"2021-09-29 17:12:19",62.05,NA,NA,33.17,NA,NA
"401",401,34719,"SDS011",20946,52.51,13.318,"2021-09-29 17:14:44",60.83,NA,NA,34.45,NA,NA
"402",402,34719,"SDS011",20946,52.51,13.318,"2021-09-29 17:17:10",59.35,NA,NA,34.72,NA,NA
"403",403,34719,"SDS011",20946,52.51,13.318,"2021-09-29 17:19:36",57.6,NA,NA,32.83,NA,NA
"404",404,34719,"SDS011",20946,52.51,13.318,"2021-09-29 17:22:02",63.47,NA,NA,34.05,NA,NA
"405",405,34719,"SDS011",20946,52.51,13.318,"2021-09-29 17:24:35",63.28,NA,NA,33.83,NA,NA
"406",406,34719,"SDS011",20946,52.51,13.318,"2021-09-29 17:27:08",67,NA,NA,34.63,NA,NA
"407",407,34719,"SDS011",20946,52.51,13.318,"2021-09-29 17:29:36",67.13,NA,NA,34.63,NA,NA
"408",408,34719,"SDS011",20946,52.51,13.318,"2021-09-29 17:32:08",70.88,NA,NA,34.85,NA,NA
"409",409,34719,"SDS011",20946,52.51,13.318,"2021-09-29 17:34:41",64.13,NA,NA,35,NA,NA
"410",410,34719,"SDS011",20946,52.51,13.318,"2021-09-29 17:37:22",65.35,NA,NA,32.8,NA,NA
"411",411,34719,"SDS011",20946,52.51,13.318,"2021-09-29 17:40:22",62.38,NA,NA,33.83,NA,NA
"412",412,34719,"SDS011",20946,52.51,13.318,"2021-09-29 17:42:53",62.5,NA,NA,34.08,NA,NA
"413",413,34719,"SDS011",20946,52.51,13.318,"2021-09-29 17:45:38",63.4,NA,NA,32.85,NA,NA
"414",414,34719,"SDS011",20946,52.51,13.318,"2021-09-29 17:48:24",61.22,NA,NA,32.9,NA,NA
"415",415,34719,"SDS011",20946,52.51,13.318,"2021-09-29 17:50:58",62.67,NA,NA,32.58,NA,NA
"416",416,34719,"SDS011",20946,52.51,13.318,"2021-09-29 17:53:42",63.3,NA,NA,31.8,NA,NA
"417",417,34719,"SDS011",20946,52.51,13.318,"2021-09-29 17:56:08",61,NA,NA,30.6,NA,NA
"418",418,34719,"SDS011",20946,52.51,13.318,"2021-09-29 17:58:34",56.25,NA,NA,30.42,NA,NA
"419",419,34719,"SDS011",20946,52.51,13.318,"2021-09-29 18:01:03",56.92,NA,NA,29.1,NA,NA
"420",420,34719,"SDS011",20946,52.51,13.318,"2021-09-29 18:03:37",38.85,NA,NA,24.3,NA,NA
"421",421,34719,"SDS011",20946,52.51,13.318,"2021-09-29 18:06:10",25.58,NA,NA,16.23,NA,NA
"422",422,34719,"SDS011",20946,52.51,13.318,"2021-09-29 18:08:45",19.55,NA,NA,12.77,NA,NA
"423",423,34719,"SDS011",20946,52.51,13.318,"2021-09-29 18:11:12",9.73,NA,NA,6.1,NA,NA
"424",424,34719,"SDS011",20946,52.51,13.318,"2021-09-29 18:13:39",8.3,NA,NA,5.05,NA,NA
"425",425,34719,"SDS011",20946,52.51,13.318,"2021-09-29 18:16:06",4.57,NA,NA,3.35,NA,NA
"426",426,34719,"SDS011",20946,52.51,13.318,"2021-09-29 18:18:32",4.55,NA,NA,2.4,NA,NA
"427",427,34719,"SDS011",20946,52.51,13.318,"2021-09-29 18:21:02",3.3,NA,NA,2.4,NA,NA
"428",428,34719,"SDS011",20946,52.51,13.318,"2021-09-29 18:23:30",5.18,NA,NA,2.05,NA,NA
"429",429,34719,"SDS011",20946,52.51,13.318,"2021-09-29 18:25:57",2.9,NA,NA,1.83,NA,NA
"430",430,34719,"SDS011",20946,52.51,13.318,"2021-09-29 18:28:25",3.45,NA,NA,1.7,NA,NA
"431",431,34719,"SDS011",20946,52.51,13.318,"2021-09-29 18:30:51",4.43,NA,NA,1.65,NA,NA
"432",432,34719,"SDS011",20946,52.51,13.318,"2021-09-29 18:33:23",3.03,NA,NA,1.65,NA,NA
"433",433,34719,"SDS011",20946,52.51,13.318,"2021-09-29 18:35:51",2.72,NA,NA,1.5,NA,NA
"434",434,34719,"SDS011",20946,52.51,13.318,"2021-09-29 18:38:22",2.42,NA,NA,1.3,NA,NA
"435",435,34719,"SDS011",20946,52.51,13.318,"2021-09-29 18:40:56",3.15,NA,NA,1.98,NA,NA
"436",436,34719,"SDS011",20946,52.51,13.318,"2021-09-29 18:43:31",2.25,NA,NA,1.73,NA,NA
"437",437,34719,"SDS011",20946,52.51,13.318,"2021-09-29 18:45:58",4.9,NA,NA,1.8,NA,NA
"438",438,34719,"SDS011",20946,52.51,13.318,"2021-09-29 18:48:24",4.93,NA,NA,1.7,NA,NA
"439",439,34719,"SDS011",20946,52.51,13.318,"2021-09-29 18:50:53",4.6,NA,NA,1.67,NA,NA
"440",440,34719,"SDS011",20946,52.51,13.318,"2021-09-29 18:53:21",2.65,NA,NA,1.65,NA,NA
"441",441,34719,"SDS011",20946,52.51,13.318,"2021-09-29 18:55:55",5.03,NA,NA,2.13,NA,NA
"442",442,34719,"SDS011",20946,52.51,13.318,"2021-09-29 18:58:41",2.6,NA,NA,1.6,NA,NA
"443",443,34719,"SDS011",20946,52.51,13.318,"2021-09-29 19:01:25",4.63,NA,NA,2.3,NA,NA
"444",444,34719,"SDS011",20946,52.51,13.318,"2021-09-29 19:04:10",5.3,NA,NA,2.1,NA,NA
"445",445,34719,"SDS011",20946,52.51,13.318,"2021-09-29 19:06:55",3.22,NA,NA,2.45,NA,NA
"446",446,34719,"SDS011",20946,52.51,13.318,"2021-09-29 19:09:39",5.1,NA,NA,2.2,NA,NA
"447",447,34719,"SDS011",20946,52.51,13.318,"2021-09-29 19:12:05",6.15,NA,NA,2.9,NA,NA
"448",448,34719,"SDS011",20946,52.51,13.318,"2021-09-29 19:14:34",4.35,NA,NA,2.28,NA,NA
"449",449,34719,"SDS011",20946,52.51,13.318,"2021-09-29 19:17:02",7.47,NA,NA,2.7,NA,NA
"450",450,34719,"SDS011",20946,52.51,13.318,"2021-09-29 19:19:28",5.32,NA,NA,2.6,NA,NA
"451",451,34719,"SDS011",20946,52.51,13.318,"2021-09-29 19:21:54",5.3,NA,NA,2.47,NA,NA
"452",452,34719,"SDS011",20946,52.51,13.318,"2021-09-29 19:24:24",4.7,NA,NA,2.5,NA,NA
"453",453,34719,"SDS011",20946,52.51,13.318,"2021-09-29 19:26:49",5.38,NA,NA,2.58,NA,NA
"454",454,34719,"SDS011",20946,52.51,13.318,"2021-09-29 19:29:15",3.03,NA,NA,2.3,NA,NA
"455",455,34719,"SDS011",20946,52.51,13.318,"2021-09-29 19:31:41",5.32,NA,NA,2.5,NA,NA
"456",456,34719,"SDS011",20946,52.51,13.318,"2021-09-29 19:34:12",3.97,NA,NA,2.6,NA,NA
"457",457,34719,"SDS011",20946,52.51,13.318,"2021-09-29 19:36:39",4.25,NA,NA,2.5,NA,NA
"458",458,34719,"SDS011",20946,52.51,13.318,"2021-09-29 19:39:11",5.3,NA,NA,2.57,NA,NA
"459",459,34719,"SDS011",20946,52.51,13.318,"2021-09-29 19:41:36",4.2,NA,NA,2.78,NA,NA
"460",460,34719,"SDS011",20946,52.51,13.318,"2021-09-29 19:44:03",8.43,NA,NA,2.65,NA,NA
"461",461,34719,"SDS011",20946,52.51,13.318,"2021-09-29 19:46:31",4,NA,NA,2.55,NA,NA
"462",462,34719,"SDS011",20946,52.51,13.318,"2021-09-29 19:49:07",5.2,NA,NA,2.7,NA,NA
"463",463,34719,"SDS011",20946,52.51,13.318,"2021-09-29 19:51:56",5.1,NA,NA,2.38,NA,NA
"464",464,34719,"SDS011",20946,52.51,13.318,"2021-09-29 19:54:41",3.3,NA,NA,2.1,NA,NA
"465",465,34719,"SDS011",20946,52.51,13.318,"2021-09-29 19:57:24",5.65,NA,NA,2.2,NA,NA
"466",466,34719,"SDS011",20946,52.51,13.318,"2021-09-29 20:00:09",3.17,NA,NA,2.22,NA,NA
"467",467,34719,"SDS011",20946,52.51,13.318,"2021-09-29 20:02:59",2.6,NA,NA,2.1,NA,NA
"468",468,34719,"SDS011",20946,52.51,13.318,"2021-09-29 20:08:38",4.05,NA,NA,2.17,NA,NA
"469",469,34719,"SDS011",20946,52.51,13.318,"2021-09-29 20:11:03",5.88,NA,NA,2.63,NA,NA
"470",470,34719,"SDS011",20946,52.51,13.318,"2021-09-29 20:13:30",5.4,NA,NA,2.35,NA,NA
"471",471,34719,"SDS011",20946,52.51,13.318,"2021-09-29 20:15:58",5.5,NA,NA,2.13,NA,NA
"472",472,34719,"SDS011",20946,52.51,13.318,"2021-09-29 20:18:24",3.33,NA,NA,2.17,NA,NA
"473",473,34719,"SDS011",20946,52.51,13.318,"2021-09-29 20:20:50",3.3,NA,NA,2.45,NA,NA
"474",474,34719,"SDS011",20946,52.51,13.318,"2021-09-29 20:23:16",4.1,NA,NA,2.13,NA,NA
"475",475,34719,"SDS011",20946,52.51,13.318,"2021-09-29 20:25:43",2.8,NA,NA,2.33,NA,NA
"476",476,34719,"SDS011",20946,52.51,13.318,"2021-09-29 20:28:08",3.78,NA,NA,2.67,NA,NA
"477",477,34719,"SDS011",20946,52.51,13.318,"2021-09-29 20:30:34",2.4,NA,NA,1.92,NA,NA
"478",478,34719,"SDS011",20946,52.51,13.318,"2021-09-29 20:33:14",2.97,NA,NA,2.5,NA,NA
"479",479,34719,"SDS011",20946,52.51,13.318,"2021-09-29 20:35:55",3.55,NA,NA,2.53,NA,NA
"480",480,34719,"SDS011",20946,52.51,13.318,"2021-09-29 20:38:26",3.95,NA,NA,2.17,NA,NA
"481",481,34719,"SDS011",20946,52.51,13.318,"2021-09-29 20:41:11",3.22,NA,NA,2.2,NA,NA
"482",482,34719,"SDS011",20946,52.51,13.318,"2021-09-29 20:43:55",3.15,NA,NA,2.38,NA,NA
"483",483,34719,"SDS011",20946,52.51,13.318,"2021-09-29 20:46:24",4,NA,NA,2.6,NA,NA
"484",484,34719,"SDS011",20946,52.51,13.318,"2021-09-29 20:48:51",4.4,NA,NA,2.22,NA,NA
"485",485,34719,"SDS011",20946,52.51,13.318,"2021-09-29 20:51:17",3.08,NA,NA,2.4,NA,NA
"486",486,34719,"SDS011",20946,52.51,13.318,"2021-09-29 20:53:44",3.45,NA,NA,2.2,NA,NA
"487",487,34719,"SDS011",20946,52.51,13.318,"2021-09-29 20:56:10",2.8,NA,NA,2.35,NA,NA
"488",488,34719,"SDS011",20946,52.51,13.318,"2021-09-29 20:58:37",3.8,NA,NA,2.05,NA,NA
"489",489,34719,"SDS011",20946,52.51,13.318,"2021-09-29 21:01:03",3.78,NA,NA,2.38,NA,NA
"490",490,34719,"SDS011",20946,52.51,13.318,"2021-09-29 21:03:36",4.8,NA,NA,2.58,NA,NA
"491",491,34719,"SDS011",20946,52.51,13.318,"2021-09-29 21:06:02",2.58,NA,NA,2.38,NA,NA
"492",492,34719,"SDS011",20946,52.51,13.318,"2021-09-29 21:08:28",5,NA,NA,2.58,NA,NA
"493",493,34719,"SDS011",20946,52.51,13.318,"2021-09-29 21:10:57",2.7,NA,NA,2.3,NA,NA
"494",494,34719,"SDS011",20946,52.51,13.318,"2021-09-29 21:13:30",4.85,NA,NA,2.63,NA,NA
"495",495,34719,"SDS011",20946,52.51,13.318,"2021-09-29 21:15:58",3.4,NA,NA,2.73,NA,NA
"496",496,34719,"SDS011",20946,52.51,13.318,"2021-09-29 21:18:36",5.53,NA,NA,2.65,NA,NA
"497",497,34719,"SDS011",20946,52.51,13.318,"2021-09-29 21:21:02",3.1,NA,NA,2.8,NA,NA
"498",498,34719,"SDS011",20946,52.51,13.318,"2021-09-29 21:23:27",4.5,NA,NA,2.78,NA,NA
"499",499,34719,"SDS011",20946,52.51,13.318,"2021-09-29 21:25:53",4.7,NA,NA,2.6,NA,NA
"500",500,34719,"SDS011",20946,52.51,13.318,"2021-09-29 21:28:18",4.05,NA,NA,2.78,NA,NA
"501",501,34719,"SDS011",20946,52.51,13.318,"2021-09-29 21:30:45",8.8,NA,NA,2.83,NA,NA
"502",502,34719,"SDS011",20946,52.51,13.318,"2021-09-29 21:33:16",4,NA,NA,2.67,NA,NA
"503",503,34719,"SDS011",20946,52.51,13.318,"2021-09-29 21:35:48",5.4,NA,NA,2.63,NA,NA
"504",504,34719,"SDS011",20946,52.51,13.318,"2021-09-29 21:38:13",3.75,NA,NA,2.45,NA,NA
"505",505,34719,"SDS011",20946,52.51,13.318,"2021-09-29 21:40:51",4.7,NA,NA,2.2,NA,NA
"506",506,34719,"SDS011",20946,52.51,13.318,"2021-09-29 21:43:37",4.35,NA,NA,2.25,NA,NA
"507",507,34719,"SDS011",20946,52.51,13.318,"2021-09-29 21:46:17",4.2,NA,NA,2.38,NA,NA
"508",508,34719,"SDS011",20946,52.51,13.318,"2021-09-29 21:48:59",4.85,NA,NA,2.4,NA,NA
"509",509,34719,"SDS011",20946,52.51,13.318,"2021-09-29 21:52:00",3.1,NA,NA,2.2,NA,NA
"510",510,34719,"SDS011",20946,52.51,13.318,"2021-09-29 21:54:44",2.4,NA,NA,2,NA,NA
"511",511,34719,"SDS011",20946,52.51,13.318,"2021-09-29 21:57:28",2.42,NA,NA,2.2,NA,NA
"512",512,34719,"SDS011",20946,52.51,13.318,"2021-09-29 22:00:13",3.03,NA,NA,2.3,NA,NA
"513",513,34719,"SDS011",20946,52.51,13.318,"2021-09-29 22:02:51",3.8,NA,NA,2.2,NA,NA
"514",514,34719,"SDS011",20946,52.51,13.318,"2021-09-29 22:05:35",3.17,NA,NA,2.2,NA,NA
"515",515,34719,"SDS011",20946,52.51,13.318,"2021-09-29 22:08:20",6.43,NA,NA,2.58,NA,NA
"516",516,34719,"SDS011",20946,52.51,13.318,"2021-09-29 22:11:04",3.22,NA,NA,2.28,NA,NA
"517",517,34719,"SDS011",20946,52.51,13.318,"2021-09-29 22:13:49",8.32,NA,NA,2.33,NA,NA
"518",518,34719,"SDS011",20946,52.51,13.318,"2021-09-29 22:16:49",4.8,NA,NA,2.4,NA,NA
"519",519,34719,"SDS011",20946,52.51,13.318,"2021-09-29 22:19:15",3.75,NA,NA,2.4,NA,NA
"520",520,34719,"SDS011",20946,52.51,13.318,"2021-09-29 22:21:46",2.6,NA,NA,2.4,NA,NA
"521",521,34719,"SDS011",20946,52.51,13.318,"2021-09-29 22:24:12",4.3,NA,NA,2.5,NA,NA
"522",522,34719,"SDS011",20946,52.51,13.318,"2021-09-29 22:26:56",5.43,NA,NA,2.38,NA,NA
"523",523,34719,"SDS011",20946,52.51,13.318,"2021-09-29 22:29:40",3.17,NA,NA,2.45,NA,NA
"524",524,34719,"SDS011",20946,52.51,13.318,"2021-09-29 22:32:24",4,NA,NA,2.55,NA,NA
"525",525,34719,"SDS011",20946,52.51,13.318,"2021-09-29 22:35:15",6.53,NA,NA,2.75,NA,NA
"526",526,34719,"SDS011",20946,52.51,13.318,"2021-09-29 22:38:00",6.78,NA,NA,2.83,NA,NA
"527",527,34719,"SDS011",20946,52.51,13.318,"2021-09-29 22:40:44",3.17,NA,NA,2.4,NA,NA
"528",528,34719,"SDS011",20946,52.51,13.318,"2021-09-29 22:43:28",3.53,NA,NA,2.97,NA,NA
"529",529,34719,"SDS011",20946,52.51,13.318,"2021-09-29 22:46:06",4.53,NA,NA,2.92,NA,NA
"530",530,34719,"SDS011",20946,52.51,13.318,"2021-09-29 22:48:50",4.2,NA,NA,2.8,NA,NA
"531",531,34719,"SDS011",20946,52.51,13.318,"2021-09-29 22:51:34",7.7,NA,NA,2.8,NA,NA
"532",532,34719,"SDS011",20946,52.51,13.318,"2021-09-29 22:54:23",3.4,NA,NA,2.7,NA,NA
"533",533,34719,"SDS011",20946,52.51,13.318,"2021-09-29 22:57:08",2.9,NA,NA,2.4,NA,NA
"534",534,34719,"SDS011",20946,52.51,13.318,"2021-09-29 22:59:54",4.72,NA,NA,2.45,NA,NA
"535",535,34719,"SDS011",20946,52.51,13.318,"2021-09-29 23:02:30",7.28,NA,NA,2.9,NA,NA
"536",536,34719,"SDS011",20946,52.51,13.318,"2021-09-29 23:05:15",5.43,NA,NA,2.88,NA,NA
"537",537,34719,"SDS011",20946,52.51,13.318,"2021-09-29 23:07:54",4.25,NA,NA,2.85,NA,NA
"538",538,34719,"SDS011",20946,52.51,13.318,"2021-09-29 23:10:27",3.72,NA,NA,2.8,NA,NA
"539",539,34719,"SDS011",20946,52.51,13.318,"2021-09-29 23:13:05",5.3,NA,NA,2.6,NA,NA
"540",540,34719,"SDS011",20946,52.51,13.318,"2021-09-29 23:15:46",4.85,NA,NA,2.97,NA,NA
"541",541,34719,"SDS011",20946,52.51,13.318,"2021-09-29 23:18:30",4.45,NA,NA,2.35,NA,NA
"542",542,34719,"SDS011",20946,52.51,13.318,"2021-09-29 23:21:14",4.07,NA,NA,2.45,NA,NA
"543",543,34719,"SDS011",20946,52.51,13.318,"2021-09-29 23:23:58",6.63,NA,NA,2.42,NA,NA
"544",544,34719,"SDS011",20946,52.51,13.318,"2021-09-29 23:26:43",3.8,NA,NA,2.3,NA,NA
"545",545,34719,"SDS011",20946,52.51,13.318,"2021-09-29 23:29:27",3.83,NA,NA,2.1,NA,NA
"546",546,34719,"SDS011",20946,52.51,13.318,"2021-09-29 23:32:11",6.75,NA,NA,2.5,NA,NA
"547",547,34719,"SDS011",20946,52.51,13.318,"2021-09-29 23:34:59",2.95,NA,NA,2.13,NA,NA
"548",548,34719,"SDS011",20946,52.51,13.318,"2021-09-29 23:37:25",3.83,NA,NA,2.33,NA,NA
"549",549,34719,"SDS011",20946,52.51,13.318,"2021-09-29 23:39:57",4.28,NA,NA,2.28,NA,NA
"550",550,34719,"SDS011",20946,52.51,13.318,"2021-09-29 23:42:25",3.55,NA,NA,2.17,NA,NA
"551",551,34719,"SDS011",20946,52.51,13.318,"2021-09-29 23:44:51",5.93,NA,NA,2.33,NA,NA
"552",552,34719,"SDS011",20946,52.51,13.318,"2021-09-29 23:47:19",4.88,NA,NA,2.55,NA,NA
"553",553,34719,"SDS011",20946,52.51,13.318,"2021-09-29 23:49:45",3.6,NA,NA,2.3,NA,NA
"554",554,34719,"SDS011",20946,52.51,13.318,"2021-09-29 23:52:10",3.35,NA,NA,2.4,NA,NA
"555",555,34719,"SDS011",20946,52.51,13.318,"2021-09-29 23:54:36",4.4,NA,NA,2.67,NA,NA
"556",556,34719,"SDS011",20946,52.51,13.318,"2021-09-29 23:57:02",5.32,NA,NA,2.9,NA,NA
"557",557,34719,"SDS011",20946,52.51,13.318,"2021-09-29 23:59:29",4.07,NA,NA,2.4,NA,NA
